{"created_at": "Mon Nov 05 16:50:41 +0000 2018", "id": 1059488181417136128, "id_str": "1059488181417136128", "text": "#BlackFriday #sale @HarrysOmaha 10 bucks for #juulpods #juul #juulnation #juulvapor #juulpods  #westomaha\u2026 https://t.co/DNcm7wKUgB", "truncated": true, "entities": {"hashtags": [{"text": "BlackFriday", "indices": [0, 12]}, {"text": "sale", "indices": [13, 18]}, {"text": "juulpods", "indices": [45, 54]}, {"text": "juul", "indices": [55, 60]}, {"text": "juulnation", "indices": [61, 72]}, {"text": "juulvapor", "indices": [73, 83]}, {"text": "juulpods", "indices": [84, 93]}, {"text": "westomaha", "indices": [95, 105]}], "symbols": [], "user_mentions": [{"screen_name": "HarrysOmaha", "name": "Harry's Smoke & Vapor", "id": 1031194266553536518, "id_str": "1031194266553536518", "indices": [19, 31]}], "urls": [{"url": "https://t.co/DNcm7wKUgB", "expanded_url": "https://twitter.com/i/web/status/1059488181417136128", "display_url": "twitter.com/i/web/status/1\u2026", "indices": [107, 130]}]}, "metadata": {"iso_language_code": "en", "result_type": "recent"}, "source": "<a href=\"http://twitter.com\" rel=\"nofollow\">Twitter Web Client</a>", "in_reply_to_status_id": null, "in_reply_to_status_id_str": null, "in_reply_to_user_id": null, "in_reply_to_user_id_str": null, "in_reply_to_screen_name": null, "user": {"id": 1031194266553536518, "id_str": "1031194266553536518", "name": "Harry's Smoke & Vapor", "screen_name": "HarrysOmaha", "location": "Omaha, NE", "description": "We offer a great selection of  vaporizers, glass pipes, e-liquid and e-cigarettes ,water-pipes. The best Kratom and CBD products in Omaha.", "url": "https://t.co/RhCdFcZXP0", "entities": {"url": {"urls": [{"url": "https://t.co/RhCdFcZXP0", "expanded_url": "http://www.harrysomaha.com", "display_url": "harrysomaha.com", "indices": [0, 23]}]}, "description": {"urls": []}}, "protected": false, "followers_count": 22, "friends_count": 57, "listed_count": 1, "created_at": "Sun Aug 19 15:00:46 +0000 2018", "favourites_count": 2787, "utc_offset": null, "time_zone": null, "geo_enabled": true, "verified": false, "statuses_count": 169, "lang": "en", "contributors_enabled": false, "is_translator": false, "is_translation_enabled": false, "profile_background_color": "000000", "profile_background_image_url": "http://abs.twimg.com/images/themes/theme1/bg.png", "profile_background_image_url_https": "https://abs.twimg.com/images/themes/theme1/bg.png", "profile_background_tile": false, "profile_image_url": "http://pbs.twimg.com/profile_images/1036988803968188417/BYQM5ix7_normal.jpg", "profile_image_url_https": "https://pbs.twimg.com/profile_images/1036988803968188417/BYQM5ix7_normal.jpg", "profile_banner_url": "https://pbs.twimg.com/profile_banners/1031194266553536518/1534698180", "profile_link_color": "085713", "profile_sidebar_border_color": "000000", "profile_sidebar_fill_color": "000000", "profile_text_color": "000000", "profile_use_background_image": false, "has_extended_profile": true, "default_profile": false, "default_profile_image": false, "following": false, "follow_request_sent": false, "notifications": false, "translator_type": "none"}, "geo": null, "coordinates": null, "place": null, "contributors": null, "is_quote_status": false, "retweet_count": 0, "favorite_count": 0, "favorited": false, "retweeted": false, "possibly_sensitive": false, "lang": "en"}
{"created_at": "Sat Nov 03 02:15:44 +0000 2018", "id": 1058543218369814528, "id_str": "1058543218369814528", "text": "Mango Twist 55mg \ud83d\udd25\ud83d\udd25\ud83d\udd25 #saltnic  #saltnicotine #nicsalt #ejuice #vapers #vaping #vapejuice #ecig #juulpods\u2026 https://t.co/UidXqVmWoL", "truncated": true, "entities": {"hashtags": [{"text": "saltnic", "indices": [21, 29]}, {"text": "saltnicotine", "indices": [31, 44]}, {"text": "nicsalt", "indices": [45, 53]}, {"text": "ejuice", "indices": [54, 61]}, {"text": "vapers", "indices": [62, 69]}, {"text": "vaping", "indices": [70, 77]}, {"text": "vapejuice", "indices": [78, 88]}, {"text": "ecig", "indices": [89, 94]}, {"text": "juulpods", "indices": [95, 104]}], "symbols": [], "user_mentions": [], "urls": [{"url": "https://t.co/UidXqVmWoL", "expanded_url": "https://twitter.com/i/web/status/1058543218369814528", "display_url": "twitter.com/i/web/status/1\u2026", "indices": [106, 129]}]}, "metadata": {"iso_language_code": "tl", "result_type": "recent"}, "source": "<a href=\"http://twitter.com/download/android\" rel=\"nofollow\">Twitter for Android</a>", "in_reply_to_status_id": null, "in_reply_to_status_id_str": null, "in_reply_to_user_id": null, "in_reply_to_user_id_str": null, "in_reply_to_screen_name": null, "user": {"id": 957567390442647552, "id_str": "957567390442647552", "name": "Pod Juice", "screen_name": "Podjuice", "location": "Los Angeles, CA ", "description": "Buy Pod Juice to fill up your Suorin, Juul, Spryte, and other salt nic devices. Must be over 18 or older to enjoy 55mg/35mg salt nic.\n\n20% OFF Coupon: TWIT20", "url": "https://t.co/lBh0iJ0TMn", "entities": {"url": {"urls": [{"url": "https://t.co/lBh0iJ0TMn", "expanded_url": "https://Podjuice55.com", "display_url": "Podjuice55.com", "indices": [0, 23]}]}, "description": {"urls": []}}, "protected": false, "followers_count": 88, "friends_count": 1147, "listed_count": 1, "created_at": "Sun Jan 28 10:53:51 +0000 2018", "favourites_count": 567, "utc_offset": null, "time_zone": null, "geo_enabled": false, "verified": false, "statuses_count": 406, "lang": "en", "contributors_enabled": false, "is_translator": false, "is_translation_enabled": false, "profile_background_color": "F5F8FA", "profile_background_image_url": null, "profile_background_image_url_https": null, "profile_background_tile": false, "profile_image_url": "http://pbs.twimg.com/profile_images/957845931545698304/wN64WJKA_normal.jpg", "profile_image_url_https": "https://pbs.twimg.com/profile_images/957845931545698304/wN64WJKA_normal.jpg", "profile_banner_url": "https://pbs.twimg.com/profile_banners/957567390442647552/1534907324", "profile_link_color": "1DA1F2", "profile_sidebar_border_color": "C0DEED", "profile_sidebar_fill_color": "DDEEF6", "profile_text_color": "333333", "profile_use_background_image": true, "has_extended_profile": false, "default_profile": true, "default_profile_image": false, "following": false, "follow_request_sent": false, "notifications": false, "translator_type": "none"}, "geo": null, "coordinates": null, "place": null, "contributors": null, "is_quote_status": false, "retweet_count": 0, "favorite_count": 1, "favorited": false, "retweeted": false, "possibly_sensitive": false, "lang": "tl"}
{"created_at": "Thu Nov 01 23:12:42 +0000 2018", "id": 1058134766682288128, "id_str": "1058134766682288128", "text": "Just another way to get your daily CBD!! These fit into the Juul and are a great and convenient method of smoking C\u2026 https://t.co/4JvTyOydb5", "truncated": true, "entities": {"hashtags": [], "symbols": [], "user_mentions": [], "urls": [{"url": "https://t.co/4JvTyOydb5", "expanded_url": "https://twitter.com/i/web/status/1058134766682288128", "display_url": "twitter.com/i/web/status/1\u2026", "indices": [117, 140]}]}, "metadata": {"iso_language_code": "en", "result_type": "recent"}, "source": "<a href=\"https://ifttt.com\" rel=\"nofollow\">IFTTT</a>", "in_reply_to_status_id": null, "in_reply_to_status_id_str": null, "in_reply_to_user_id": null, "in_reply_to_user_id_str": null, "in_reply_to_screen_name": null, "user": {"id": 2775282138, "id_str": "2775282138", "name": "Wonderland Galleries", "screen_name": "wonderland561", "location": "West Palm Beach Fl", "description": "We are a full service Glass Gallery and Smoke shop! We only carry the finest glass pipes and jewelry!", "url": "http://t.co/jjWpK2meDW", "entities": {"url": {"urls": [{"url": "http://t.co/jjWpK2meDW", "expanded_url": "http://WonderlandGalleries.com", "display_url": "WonderlandGalleries.com", "indices": [0, 22]}]}, "description": {"urls": []}}, "protected": false, "followers_count": 515, "friends_count": 380, "listed_count": 18, "created_at": "Thu Aug 28 00:44:04 +0000 2014", "favourites_count": 25, "utc_offset": null, "time_zone": null, "geo_enabled": false, "verified": false, "statuses_count": 1996, "lang": "en", "contributors_enabled": false, "is_translator": false, "is_translation_enabled": false, "profile_background_color": "022330", "profile_background_image_url": "http://abs.twimg.com/images/themes/theme15/bg.png", "profile_background_image_url_https": "https://abs.twimg.com/images/themes/theme15/bg.png", "profile_background_tile": false, "profile_image_url": "http://pbs.twimg.com/profile_images/504792944054792194/pppuT3JP_normal.png", "profile_image_url_https": "https://pbs.twimg.com/profile_images/504792944054792194/pppuT3JP_normal.png", "profile_banner_url": "https://pbs.twimg.com/profile_banners/2775282138/1441943887", "profile_link_color": "0084B4", "profile_sidebar_border_color": "A8C7F7", "profile_sidebar_fill_color": "C0DFEC", "profile_text_color": "333333", "profile_use_background_image": true, "has_extended_profile": false, "default_profile": false, "default_profile_image": false, "following": false, "follow_request_sent": false, "notifications": false, "translator_type": "none"}, "geo": null, "coordinates": null, "place": null, "contributors": null, "is_quote_status": false, "retweet_count": 0, "favorite_count": 0, "favorited": false, "retweeted": false, "possibly_sensitive": false, "lang": "en"}
{"created_at": "Thu Nov 01 19:01:01 +0000 2018", "id": 1058071429592178688, "id_str": "1058071429592178688", "text": "Halloween was lit! \ud83d\udc7b\ud83e\udd87\ud83c\udf83 https://t.co/76VwwTp3pr #vapelife #vape #vapelyfe #vapecommunity #vapefam #vaping #vapeon\u2026 https://t.co/2keBQ5h748", "truncated": true, "entities": {"hashtags": [{"text": "vapelife", "indices": [47, 56]}, {"text": "vape", "indices": [57, 62]}, {"text": "vapelyfe", "indices": [63, 72]}, {"text": "vapecommunity", "indices": [73, 87]}, {"text": "vapefam", "indices": [88, 96]}, {"text": "vaping", "indices": [97, 104]}, {"text": "vapeon", "indices": [105, 112]}], "symbols": [], "user_mentions": [], "urls": [{"url": "https://t.co/76VwwTp3pr", "expanded_url": "http://Podjuice55.com", "display_url": "Podjuice55.com", "indices": [23, 46]}, {"url": "https://t.co/2keBQ5h748", "expanded_url": "https://twitter.com/i/web/status/1058071429592178688", "display_url": "twitter.com/i/web/status/1\u2026", "indices": [114, 137]}]}, "metadata": {"iso_language_code": "en", "result_type": "recent"}, "source": "<a href=\"http://twitter.com/download/android\" rel=\"nofollow\">Twitter for Android</a>", "in_reply_to_status_id": null, "in_reply_to_status_id_str": null, "in_reply_to_user_id": null, "in_reply_to_user_id_str": null, "in_reply_to_screen_name": null, "user": {"id": 957567390442647552, "id_str": "957567390442647552", "name": "Pod Juice", "screen_name": "Podjuice", "location": "Los Angeles, CA ", "description": "Buy Pod Juice to fill up your Suorin, Juul, Spryte, and other salt nic devices. Must be over 18 or older to enjoy 55mg/35mg salt nic.\n\n20% OFF Coupon: TWIT20", "url": "https://t.co/lBh0iJ0TMn", "entities": {"url": {"urls": [{"url": "https://t.co/lBh0iJ0TMn", "expanded_url": "https://Podjuice55.com", "display_url": "Podjuice55.com", "indices": [0, 23]}]}, "description": {"urls": []}}, "protected": false, "followers_count": 88, "friends_count": 1147, "listed_count": 1, "created_at": "Sun Jan 28 10:53:51 +0000 2018", "favourites_count": 567, "utc_offset": null, "time_zone": null, "geo_enabled": false, "verified": false, "statuses_count": 406, "lang": "en", "contributors_enabled": false, "is_translator": false, "is_translation_enabled": false, "profile_background_color": "F5F8FA", "profile_background_image_url": null, "profile_background_image_url_https": null, "profile_background_tile": false, "profile_image_url": "http://pbs.twimg.com/profile_images/957845931545698304/wN64WJKA_normal.jpg", "profile_image_url_https": "https://pbs.twimg.com/profile_images/957845931545698304/wN64WJKA_normal.jpg", "profile_banner_url": "https://pbs.twimg.com/profile_banners/957567390442647552/1534907324", "profile_link_color": "1DA1F2", "profile_sidebar_border_color": "C0DEED", "profile_sidebar_fill_color": "DDEEF6", "profile_text_color": "333333", "profile_use_background_image": true, "has_extended_profile": false, "default_profile": true, "default_profile_image": false, "following": false, "follow_request_sent": false, "notifications": false, "translator_type": "none"}, "geo": null, "coordinates": null, "place": null, "contributors": null, "is_quote_status": false, "retweet_count": 0, "favorite_count": 0, "favorited": false, "retweeted": false, "possibly_sensitive": false, "lang": "en"}
{"created_at": "Thu Nov 01 17:30:02 +0000 2018", "id": 1058048532211552257, "id_str": "1058048532211552257", "text": "#juul #juulpods #juulrefillablepod   #vapelifestyle  #vaping  #juulvape #vape  only 15.00 https://t.co/mv7EYrWsLy", "truncated": false, "entities": {"hashtags": [{"text": "juul", "indices": [0, 5]}, {"text": "juulpods", "indices": [6, 15]}, {"text": "juulrefillablepod", "indices": [16, 34]}, {"text": "vapelifestyle", "indices": [37, 51]}, {"text": "vaping", "indices": [53, 60]}, {"text": "juulvape", "indices": [62, 71]}, {"text": "vape", "indices": [72, 77]}], "symbols": [], "user_mentions": [], "urls": [{"url": "https://t.co/mv7EYrWsLy", "expanded_url": "https://www.instagram.com/p/BppWnfnjQZT/?utm_source=ig_twitter_share&igshid=ft3fm3l84tff", "display_url": "instagram.com/p/BppWnfnjQZT/\u2026", "indices": [90, 113]}]}, "metadata": {"iso_language_code": "en", "result_type": "recent"}, "source": "<a href=\"http://instagram.com\" rel=\"nofollow\">Instagram</a>", "in_reply_to_status_id": null, "in_reply_to_status_id_str": null, "in_reply_to_user_id": null, "in_reply_to_user_id_str": null, "in_reply_to_screen_name": null, "user": {"id": 932336225746382848, "id_str": "932336225746382848", "name": "Vapeworx", "screen_name": "berkshirevape", "location": "Massachusetts, USA", "description": "Online Vape Shop run by vapers for vapers", "url": "https://t.co/InSwSQ7YkL", "entities": {"url": {"urls": [{"url": "https://t.co/InSwSQ7YkL", "expanded_url": "http://www.berkshirevape.com", "display_url": "berkshirevape.com", "indices": [0, 23]}]}, "description": {"urls": []}}, "protected": false, "followers_count": 65, "friends_count": 223, "listed_count": 0, "created_at": "Sun Nov 19 19:54:13 +0000 2017", "favourites_count": 161, "utc_offset": null, "time_zone": null, "geo_enabled": false, "verified": false, "statuses_count": 171, "lang": "en", "contributors_enabled": false, "is_translator": false, "is_translation_enabled": false, "profile_background_color": "F5F8FA", "profile_background_image_url": null, "profile_background_image_url_https": null, "profile_background_tile": false, "profile_image_url": "http://pbs.twimg.com/profile_images/1022839417122304002/SgsIpqKB_normal.jpg", "profile_image_url_https": "https://pbs.twimg.com/profile_images/1022839417122304002/SgsIpqKB_normal.jpg", "profile_banner_url": "https://pbs.twimg.com/profile_banners/932336225746382848/1511122308", "profile_link_color": "1DA1F2", "profile_sidebar_border_color": "C0DEED", "profile_sidebar_fill_color": "DDEEF6", "profile_text_color": "333333", "profile_use_background_image": true, "has_extended_profile": true, "default_profile": true, "default_profile_image": false, "following": false, "follow_request_sent": false, "notifications": false, "translator_type": "none"}, "geo": null, "coordinates": null, "place": null, "contributors": null, "is_quote_status": false, "retweet_count": 0, "favorite_count": 1, "favorited": false, "retweeted": false, "possibly_sensitive": false, "lang": "en"}
{"created_at": "Thu Nov 01 15:36:35 +0000 2018", "id": 1058019984377548801, "id_str": "1058019984377548801", "text": "RT @Gallapalooza: Great night for trick or treaters who visit the Gallagher house : #reeses #snickers #kitkats #butterfingers #juulpods #mi\u2026", "truncated": false, "entities": {"hashtags": [{"text": "reeses", "indices": [84, 91]}, {"text": "snickers", "indices": [92, 101]}, {"text": "kitkats", "indices": [102, 110]}, {"text": "butterfingers", "indices": [111, 125]}, {"text": "juulpods", "indices": [126, 135]}], "symbols": [], "user_mentions": [{"screen_name": "Gallapalooza", "name": "Luke Gallagher", "id": 253716698, "id_str": "253716698", "indices": [3, 16]}], "urls": []}, "metadata": {"iso_language_code": "en", "result_type": "recent"}, "source": "<a href=\"http://twitter.com/download/iphone\" rel=\"nofollow\">Twitter for iPhone</a>", "in_reply_to_status_id": null, "in_reply_to_status_id_str": null, "in_reply_to_user_id": null, "in_reply_to_user_id_str": null, "in_reply_to_screen_name": null, "user": {"id": 1341600374, "id_str": "1341600374", "name": "Jake", "screen_name": "jmako12", "location": "", "description": "how many moles do I gotta wack to win your number", "url": null, "entities": {"description": {"urls": []}}, "protected": false, "followers_count": 163, "friends_count": 272, "listed_count": 0, "created_at": "Wed Apr 10 10:46:35 +0000 2013", "favourites_count": 3493, "utc_offset": null, "time_zone": null, "geo_enabled": false, "verified": false, "statuses_count": 2326, "lang": "en", "contributors_enabled": false, "is_translator": false, "is_translation_enabled": false, "profile_background_color": "C0DEED", "profile_background_image_url": "http://abs.twimg.com/images/themes/theme1/bg.png", "profile_background_image_url_https": "https://abs.twimg.com/images/themes/theme1/bg.png", "profile_background_tile": false, "profile_image_url": "http://pbs.twimg.com/profile_images/679401976355020802/59oXUD_Q_normal.jpg", "profile_image_url_https": "https://pbs.twimg.com/profile_images/679401976355020802/59oXUD_Q_normal.jpg", "profile_link_color": "1DA1F2", "profile_sidebar_border_color": "C0DEED", "profile_sidebar_fill_color": "DDEEF6", "profile_text_color": "333333", "profile_use_background_image": true, "has_extended_profile": false, "default_profile": true, "default_profile_image": false, "following": false, "follow_request_sent": false, "notifications": false, "translator_type": "none"}, "geo": null, "coordinates": null, "place": null, "contributors": null, "retweeted_status": {"created_at": "Wed Oct 31 23:34:05 +0000 2018", "id": 1057777763233476608, "id_str": "1057777763233476608", "text": "Great night for trick or treaters who visit the Gallagher house : #reeses #snickers #kitkats #butterfingers\u2026 https://t.co/L6u4Haj6DS", "truncated": true, "entities": {"hashtags": [{"text": "reeses", "indices": [66, 73]}, {"text": "snickers", "indices": [74, 83]}, {"text": "kitkats", "indices": [84, 92]}, {"text": "butterfingers", "indices": [93, 107]}], "symbols": [], "user_mentions": [], "urls": [{"url": "https://t.co/L6u4Haj6DS", "expanded_url": "https://twitter.com/i/web/status/1057777763233476608", "display_url": "twitter.com/i/web/status/1\u2026", "indices": [109, 132]}]}, "metadata": {"iso_language_code": "en", "result_type": "recent"}, "source": "<a href=\"http://twitter.com/download/iphone\" rel=\"nofollow\">Twitter for iPhone</a>", "in_reply_to_status_id": null, "in_reply_to_status_id_str": null, "in_reply_to_user_id": null, "in_reply_to_user_id_str": null, "in_reply_to_screen_name": null, "user": {"id": 253716698, "id_str": "253716698", "name": "Luke Gallagher", "screen_name": "Gallapalooza", "location": "Yardley, PA", "description": "Atheist & Conservative Liberal. All I want to do is talk sports. \"I don't worry about being liked because I have to be myself.\" - Vince Vaughn", "url": null, "entities": {"description": {"urls": []}}, "protected": false, "followers_count": 116, "friends_count": 243, "listed_count": 0, "created_at": "Thu Feb 17 20:40:04 +0000 2011", "favourites_count": 444, "utc_offset": null, "time_zone": null, "geo_enabled": true, "verified": false, "statuses_count": 1685, "lang": "en", "contributors_enabled": false, "is_translator": false, "is_translation_enabled": false, "profile_background_color": "C0DEED", "profile_background_image_url": "http://abs.twimg.com/images/themes/theme1/bg.png", "profile_background_image_url_https": "https://abs.twimg.com/images/themes/theme1/bg.png", "profile_background_tile": false, "profile_image_url": "http://pbs.twimg.com/profile_images/1047485643511799810/w1qpTFRc_normal.jpg", "profile_image_url_https": "https://pbs.twimg.com/profile_images/1047485643511799810/w1qpTFRc_normal.jpg", "profile_banner_url": "https://pbs.twimg.com/profile_banners/253716698/1528379260", "profile_link_color": "1DA1F2", "profile_sidebar_border_color": "C0DEED", "profile_sidebar_fill_color": "DDEEF6", "profile_text_color": "333333", "profile_use_background_image": true, "has_extended_profile": false, "default_profile": true, "default_profile_image": false, "following": false, "follow_request_sent": false, "notifications": false, "translator_type": "none"}, "geo": null, "coordinates": null, "place": null, "contributors": null, "is_quote_status": false, "retweet_count": 1, "favorite_count": 4, "favorited": false, "retweeted": false, "lang": "en"}, "is_quote_status": false, "retweet_count": 1, "favorite_count": 0, "favorited": false, "retweeted": false, "lang": "en"}
{"created_at": "Wed Oct 31 23:34:05 +0000 2018", "id": 1057777763233476608, "id_str": "1057777763233476608", "text": "Great night for trick or treaters who visit the Gallagher house : #reeses #snickers #kitkats #butterfingers\u2026 https://t.co/L6u4Haj6DS", "truncated": true, "entities": {"hashtags": [{"text": "reeses", "indices": [66, 73]}, {"text": "snickers", "indices": [74, 83]}, {"text": "kitkats", "indices": [84, 92]}, {"text": "butterfingers", "indices": [93, 107]}], "symbols": [], "user_mentions": [], "urls": [{"url": "https://t.co/L6u4Haj6DS", "expanded_url": "https://twitter.com/i/web/status/1057777763233476608", "display_url": "twitter.com/i/web/status/1\u2026", "indices": [109, 132]}]}, "metadata": {"iso_language_code": "en", "result_type": "recent"}, "source": "<a href=\"http://twitter.com/download/iphone\" rel=\"nofollow\">Twitter for iPhone</a>", "in_reply_to_status_id": null, "in_reply_to_status_id_str": null, "in_reply_to_user_id": null, "in_reply_to_user_id_str": null, "in_reply_to_screen_name": null, "user": {"id": 253716698, "id_str": "253716698", "name": "Luke Gallagher", "screen_name": "Gallapalooza", "location": "Yardley, PA", "description": "Atheist & Conservative Liberal. All I want to do is talk sports. \"I don't worry about being liked because I have to be myself.\" - Vince Vaughn", "url": null, "entities": {"description": {"urls": []}}, "protected": false, "followers_count": 116, "friends_count": 243, "listed_count": 0, "created_at": "Thu Feb 17 20:40:04 +0000 2011", "favourites_count": 444, "utc_offset": null, "time_zone": null, "geo_enabled": true, "verified": false, "statuses_count": 1685, "lang": "en", "contributors_enabled": false, "is_translator": false, "is_translation_enabled": false, "profile_background_color": "C0DEED", "profile_background_image_url": "http://abs.twimg.com/images/themes/theme1/bg.png", "profile_background_image_url_https": "https://abs.twimg.com/images/themes/theme1/bg.png", "profile_background_tile": false, "profile_image_url": "http://pbs.twimg.com/profile_images/1047485643511799810/w1qpTFRc_normal.jpg", "profile_image_url_https": "https://pbs.twimg.com/profile_images/1047485643511799810/w1qpTFRc_normal.jpg", "profile_banner_url": "https://pbs.twimg.com/profile_banners/253716698/1528379260", "profile_link_color": "1DA1F2", "profile_sidebar_border_color": "C0DEED", "profile_sidebar_fill_color": "DDEEF6", "profile_text_color": "333333", "profile_use_background_image": true, "has_extended_profile": false, "default_profile": true, "default_profile_image": false, "following": false, "follow_request_sent": false, "notifications": false, "translator_type": "none"}, "geo": null, "coordinates": null, "place": null, "contributors": null, "is_quote_status": false, "retweet_count": 1, "favorite_count": 4, "favorited": false, "retweeted": false, "lang": "en"}
{"created_at": "Wed Oct 31 22:53:14 +0000 2018", "id": 1057767481169694720, "id_str": "1057767481169694720", "text": "Mango Twist for your ultimate salt nic cravings. https://t.co/76VwwTp3pr #vapelife #vape #vapelyfe #vapecommunity\u2026 https://t.co/gQ50vWBg0p", "truncated": true, "entities": {"hashtags": [{"text": "vapelife", "indices": [73, 82]}, {"text": "vape", "indices": [83, 88]}, {"text": "vapelyfe", "indices": [89, 98]}, {"text": "vapecommunity", "indices": [99, 113]}], "symbols": [], "user_mentions": [], "urls": [{"url": "https://t.co/76VwwTp3pr", "expanded_url": "http://Podjuice55.com", "display_url": "Podjuice55.com", "indices": [49, 72]}, {"url": "https://t.co/gQ50vWBg0p", "expanded_url": "https://twitter.com/i/web/status/1057767481169694720", "display_url": "twitter.com/i/web/status/1\u2026", "indices": [115, 138]}]}, "metadata": {"iso_language_code": "en", "result_type": "recent"}, "source": "<a href=\"http://twitter.com/download/android\" rel=\"nofollow\">Twitter for Android</a>", "in_reply_to_status_id": null, "in_reply_to_status_id_str": null, "in_reply_to_user_id": null, "in_reply_to_user_id_str": null, "in_reply_to_screen_name": null, "user": {"id": 957567390442647552, "id_str": "957567390442647552", "name": "Pod Juice", "screen_name": "Podjuice", "location": "Los Angeles, CA ", "description": "Buy Pod Juice to fill up your Suorin, Juul, Spryte, and other salt nic devices. Must be over 18 or older to enjoy 55mg/35mg salt nic.\n\n20% OFF Coupon: TWIT20", "url": "https://t.co/lBh0iJ0TMn", "entities": {"url": {"urls": [{"url": "https://t.co/lBh0iJ0TMn", "expanded_url": "https://Podjuice55.com", "display_url": "Podjuice55.com", "indices": [0, 23]}]}, "description": {"urls": []}}, "protected": false, "followers_count": 88, "friends_count": 1147, "listed_count": 1, "created_at": "Sun Jan 28 10:53:51 +0000 2018", "favourites_count": 567, "utc_offset": null, "time_zone": null, "geo_enabled": false, "verified": false, "statuses_count": 406, "lang": "en", "contributors_enabled": false, "is_translator": false, "is_translation_enabled": false, "profile_background_color": "F5F8FA", "profile_background_image_url": null, "profile_background_image_url_https": null, "profile_background_tile": false, "profile_image_url": "http://pbs.twimg.com/profile_images/957845931545698304/wN64WJKA_normal.jpg", "profile_image_url_https": "https://pbs.twimg.com/profile_images/957845931545698304/wN64WJKA_normal.jpg", "profile_banner_url": "https://pbs.twimg.com/profile_banners/957567390442647552/1534907324", "profile_link_color": "1DA1F2", "profile_sidebar_border_color": "C0DEED", "profile_sidebar_fill_color": "DDEEF6", "profile_text_color": "333333", "profile_use_background_image": true, "has_extended_profile": false, "default_profile": true, "default_profile_image": false, "following": false, "follow_request_sent": false, "notifications": false, "translator_type": "none"}, "geo": null, "coordinates": null, "place": null, "contributors": null, "is_quote_status": false, "retweet_count": 0, "favorite_count": 0, "favorited": false, "retweeted": false, "possibly_sensitive": false, "lang": "en"}
{"created_at": "Wed Oct 31 22:23:27 +0000 2018", "id": 1057759985243959297, "id_str": "1057759985243959297", "text": "Restocked on #juul .#juulpods #greezythecorner #richmondhill #greezysmarkham #markham #nicsalts @ Greezy The Corner https://t.co/dUmgmNbgfS", "truncated": false, "entities": {"hashtags": [{"text": "juul", "indices": [13, 18]}, {"text": "juulpods", "indices": [20, 29]}, {"text": "greezythecorner", "indices": [30, 46]}, {"text": "richmondhill", "indices": [47, 60]}, {"text": "greezysmarkham", "indices": [61, 76]}, {"text": "markham", "indices": [77, 85]}, {"text": "nicsalts", "indices": [86, 95]}], "symbols": [], "user_mentions": [], "urls": [{"url": "https://t.co/dUmgmNbgfS", "expanded_url": "https://www.instagram.com/greezythecorner/p/BpnTEGBhAkr/?utm_source=ig_twitter_share&igshid=16750niebr10n", "display_url": "instagram.com/greezythecorne\u2026", "indices": [116, 139]}]}, "metadata": {"iso_language_code": "en", "result_type": "recent"}, "source": "<a href=\"http://instagram.com\" rel=\"nofollow\">Instagram</a>", "in_reply_to_status_id": null, "in_reply_to_status_id_str": null, "in_reply_to_user_id": null, "in_reply_to_user_id_str": null, "in_reply_to_screen_name": null, "user": {"id": 3246544066, "id_str": "3246544066", "name": "Smokes Cigars Glass", "screen_name": "GreezyTheCorner", "location": "Richmond Hill, Ontario", "description": "Richmond Hill's first head shop.\ud83d\ude00\n\n9184 Yonge Street,unit 19 & 20, Richmond Hill. Store hrs 11:30am to 11:00pm", "url": "https://t.co/y1iLfMDJ6l", "entities": {"url": {"urls": [{"url": "https://t.co/y1iLfMDJ6l", "expanded_url": "http://greezythecorner.com", "display_url": "greezythecorner.com", "indices": [0, 23]}]}, "description": {"urls": []}}, "protected": false, "followers_count": 130, "friends_count": 92, "listed_count": 11, "created_at": "Mon May 11 16:49:30 +0000 2015", "favourites_count": 5, "utc_offset": null, "time_zone": null, "geo_enabled": false, "verified": false, "statuses_count": 2001, "lang": "en", "contributors_enabled": false, "is_translator": false, "is_translation_enabled": false, "profile_background_color": "C0DEED", "profile_background_image_url": "http://abs.twimg.com/images/themes/theme1/bg.png", "profile_background_image_url_https": "https://abs.twimg.com/images/themes/theme1/bg.png", "profile_background_tile": false, "profile_image_url": "http://pbs.twimg.com/profile_images/652534184678924288/qF_eSB1i_normal.jpg", "profile_image_url_https": "https://pbs.twimg.com/profile_images/652534184678924288/qF_eSB1i_normal.jpg", "profile_banner_url": "https://pbs.twimg.com/profile_banners/3246544066/1444438288", "profile_link_color": "1DA1F2", "profile_sidebar_border_color": "C0DEED", "profile_sidebar_fill_color": "DDEEF6", "profile_text_color": "333333", "profile_use_background_image": true, "has_extended_profile": false, "default_profile": true, "default_profile_image": false, "following": false, "follow_request_sent": false, "notifications": false, "translator_type": "none"}, "geo": null, "coordinates": null, "place": null, "contributors": null, "is_quote_status": false, "retweet_count": 0, "favorite_count": 1, "favorited": false, "retweeted": false, "possibly_sensitive": false, "lang": "en"}
{"created_at": "Wed Oct 31 20:39:47 +0000 2018", "id": 1057733895733628928, "id_str": "1057733895733628928", "text": "JUUL vs HOME COMING ##queens #queencomeback #queens\ud83d\udc51 #juulpods #juul #juulvapor #juulgirls #juul kingston\u2026 https://t.co/aJNPqKbgv6", "truncated": true, "entities": {"hashtags": [{"text": "queens", "indices": [21, 28]}, {"text": "queencomeback", "indices": [29, 43]}, {"text": "queens", "indices": [44, 51]}, {"text": "juulpods", "indices": [53, 62]}, {"text": "juul", "indices": [63, 68]}, {"text": "juulvapor", "indices": [69, 79]}, {"text": "juulgirls", "indices": [80, 90]}, {"text": "juul", "indices": [91, 96]}], "symbols": [], "user_mentions": [], "urls": [{"url": "https://t.co/aJNPqKbgv6", "expanded_url": "https://twitter.com/i/web/status/1057733895733628928", "display_url": "twitter.com/i/web/status/1\u2026", "indices": [107, 130]}]}, "metadata": {"iso_language_code": "en", "result_type": "recent"}, "source": "<a href=\"http://instagram.com\" rel=\"nofollow\">Instagram</a>", "in_reply_to_status_id": null, "in_reply_to_status_id_str": null, "in_reply_to_user_id": null, "in_reply_to_user_id_str": null, "in_reply_to_screen_name": null, "user": {"id": 1674493868, "id_str": "1674493868", "name": "dolan smoking", "screen_name": "dolansmoking", "location": "289 Princess St,Kingston", "description": "All Your Smoking Needs! Cuban cigar + E-cigarettes + head shop", "url": "https://t.co/ETJs2uDgI2", "entities": {"url": {"urls": [{"url": "https://t.co/ETJs2uDgI2", "expanded_url": "http://www.dolansmoking.com", "display_url": "dolansmoking.com", "indices": [0, 23]}]}, "description": {"urls": []}}, "protected": false, "followers_count": 256, "friends_count": 11, "listed_count": 15, "created_at": "Fri Aug 16 01:35:42 +0000 2013", "favourites_count": 12, "utc_offset": null, "time_zone": null, "geo_enabled": true, "verified": false, "statuses_count": 1042, "lang": "en-gb", "contributors_enabled": false, "is_translator": false, "is_translation_enabled": false, "profile_background_color": "C0DEED", "profile_background_image_url": "http://abs.twimg.com/images/themes/theme1/bg.png", "profile_background_image_url_https": "https://abs.twimg.com/images/themes/theme1/bg.png", "profile_background_tile": false, "profile_image_url": "http://pbs.twimg.com/profile_images/378800000578066721/a5058349553ce74c73f8a628118eb70d_normal.jpeg", "profile_image_url_https": "https://pbs.twimg.com/profile_images/378800000578066721/a5058349553ce74c73f8a628118eb70d_normal.jpeg", "profile_banner_url": "https://pbs.twimg.com/profile_banners/1674493868/1381456217", "profile_link_color": "1DA1F2", "profile_sidebar_border_color": "C0DEED", "profile_sidebar_fill_color": "DDEEF6", "profile_text_color": "333333", "profile_use_background_image": true, "has_extended_profile": true, "default_profile": true, "default_profile_image": false, "following": false, "follow_request_sent": false, "notifications": false, "translator_type": "none"}, "geo": {"type": "Point", "coordinates": [44.23267, -76.48863]}, "coordinates": {"type": "Point", "coordinates": [-76.48863, 44.23267]}, "place": {"id": "48ad377ff2ff9e51", "url": "https://api.twitter.com/1.1/geo/id/48ad377ff2ff9e51.json", "place_type": "city", "name": "Kingston", "full_name": "Kingston, Ontario", "country_code": "CA", "country": "Canada", "contained_within": [], "bounding_box": {"type": "Polygon", "coordinates": [[[-76.712759, 44.16054], [-76.233463, 44.16054], [-76.233463, 44.481126], [-76.712759, 44.481126]]]}, "attributes": {}}, "contributors": null, "is_quote_status": false, "retweet_count": 1, "favorite_count": 0, "favorited": false, "retweeted": false, "possibly_sensitive": false, "lang": "en"}
{"created_at": "Wed Oct 31 00:59:24 +0000 2018", "id": 1057436844466438144, "id_str": "1057436844466438144", "text": "Juul compatible pods for days.. drop by for the biggest selection of pods today. #greezythecorner #richmondhill\u2026 https://t.co/y7Rsczqb2h", "truncated": true, "entities": {"hashtags": [{"text": "greezythecorner", "indices": [81, 97]}, {"text": "richmondhill", "indices": [98, 111]}], "symbols": [], "user_mentions": [], "urls": [{"url": "https://t.co/y7Rsczqb2h", "expanded_url": "https://twitter.com/i/web/status/1057436844466438144", "display_url": "twitter.com/i/web/status/1\u2026", "indices": [113, 136]}]}, "metadata": {"iso_language_code": "en", "result_type": "recent"}, "source": "<a href=\"http://instagram.com\" rel=\"nofollow\">Instagram</a>", "in_reply_to_status_id": null, "in_reply_to_status_id_str": null, "in_reply_to_user_id": null, "in_reply_to_user_id_str": null, "in_reply_to_screen_name": null, "user": {"id": 3246544066, "id_str": "3246544066", "name": "Smokes Cigars Glass", "screen_name": "GreezyTheCorner", "location": "Richmond Hill, Ontario", "description": "Richmond Hill's first head shop.\ud83d\ude00\n\n9184 Yonge Street,unit 19 & 20, Richmond Hill. Store hrs 11:30am to 11:00pm", "url": "https://t.co/y1iLfMDJ6l", "entities": {"url": {"urls": [{"url": "https://t.co/y1iLfMDJ6l", "expanded_url": "http://greezythecorner.com", "display_url": "greezythecorner.com", "indices": [0, 23]}]}, "description": {"urls": []}}, "protected": false, "followers_count": 130, "friends_count": 92, "listed_count": 11, "created_at": "Mon May 11 16:49:30 +0000 2015", "favourites_count": 5, "utc_offset": null, "time_zone": null, "geo_enabled": false, "verified": false, "statuses_count": 2001, "lang": "en", "contributors_enabled": false, "is_translator": false, "is_translation_enabled": false, "profile_background_color": "C0DEED", "profile_background_image_url": "http://abs.twimg.com/images/themes/theme1/bg.png", "profile_background_image_url_https": "https://abs.twimg.com/images/themes/theme1/bg.png", "profile_background_tile": false, "profile_image_url": "http://pbs.twimg.com/profile_images/652534184678924288/qF_eSB1i_normal.jpg", "profile_image_url_https": "https://pbs.twimg.com/profile_images/652534184678924288/qF_eSB1i_normal.jpg", "profile_banner_url": "https://pbs.twimg.com/profile_banners/3246544066/1444438288", "profile_link_color": "1DA1F2", "profile_sidebar_border_color": "C0DEED", "profile_sidebar_fill_color": "DDEEF6", "profile_text_color": "333333", "profile_use_background_image": true, "has_extended_profile": false, "default_profile": true, "default_profile_image": false, "following": false, "follow_request_sent": false, "notifications": false, "translator_type": "none"}, "geo": null, "coordinates": null, "place": null, "contributors": null, "is_quote_status": false, "retweet_count": 0, "favorite_count": 2, "favorited": false, "retweeted": false, "possibly_sensitive": false, "lang": "en"}
{"created_at": "Tue Oct 30 16:04:28 +0000 2018", "id": 1057302222659153920, "id_str": "1057302222659153920", "text": "Pod Juice 55mg Strawberry Lemonade \ud83c\udf53\ud83c\udf4b\ud83d\ude0b Discount code \ud83d\udc47\ud83c\udffc\n\nhttps://t.co/Z4JHqU4ady\n\n#vapelife #vape #vapelyfe\u2026 https://t.co/RFQCQtFgun", "truncated": true, "entities": {"hashtags": [{"text": "vapelife", "indices": [82, 91]}, {"text": "vape", "indices": [92, 97]}, {"text": "vapelyfe", "indices": [98, 107]}], "symbols": [], "user_mentions": [], "urls": [{"url": "https://t.co/Z4JHqU4ady", "expanded_url": "https://podjuice55.com/discount/TWIT20", "display_url": "podjuice55.com/discount/TWIT20", "indices": [57, 80]}, {"url": "https://t.co/RFQCQtFgun", "expanded_url": "https://twitter.com/i/web/status/1057302222659153920", "display_url": "twitter.com/i/web/status/1\u2026", "indices": [109, 132]}]}, "metadata": {"iso_language_code": "en", "result_type": "recent"}, "source": "<a href=\"http://twitter.com/download/android\" rel=\"nofollow\">Twitter for Android</a>", "in_reply_to_status_id": null, "in_reply_to_status_id_str": null, "in_reply_to_user_id": null, "in_reply_to_user_id_str": null, "in_reply_to_screen_name": null, "user": {"id": 957567390442647552, "id_str": "957567390442647552", "name": "Pod Juice", "screen_name": "Podjuice", "location": "Los Angeles, CA ", "description": "Buy Pod Juice to fill up your Suorin, Juul, Spryte, and other salt nic devices. Must be over 18 or older to enjoy 55mg/35mg salt nic.\n\n20% OFF Coupon: TWIT20", "url": "https://t.co/lBh0iJ0TMn", "entities": {"url": {"urls": [{"url": "https://t.co/lBh0iJ0TMn", "expanded_url": "https://Podjuice55.com", "display_url": "Podjuice55.com", "indices": [0, 23]}]}, "description": {"urls": []}}, "protected": false, "followers_count": 88, "friends_count": 1147, "listed_count": 1, "created_at": "Sun Jan 28 10:53:51 +0000 2018", "favourites_count": 567, "utc_offset": null, "time_zone": null, "geo_enabled": false, "verified": false, "statuses_count": 406, "lang": "en", "contributors_enabled": false, "is_translator": false, "is_translation_enabled": false, "profile_background_color": "F5F8FA", "profile_background_image_url": null, "profile_background_image_url_https": null, "profile_background_tile": false, "profile_image_url": "http://pbs.twimg.com/profile_images/957845931545698304/wN64WJKA_normal.jpg", "profile_image_url_https": "https://pbs.twimg.com/profile_images/957845931545698304/wN64WJKA_normal.jpg", "profile_banner_url": "https://pbs.twimg.com/profile_banners/957567390442647552/1534907324", "profile_link_color": "1DA1F2", "profile_sidebar_border_color": "C0DEED", "profile_sidebar_fill_color": "DDEEF6", "profile_text_color": "333333", "profile_use_background_image": true, "has_extended_profile": false, "default_profile": true, "default_profile_image": false, "following": false, "follow_request_sent": false, "notifications": false, "translator_type": "none"}, "geo": null, "coordinates": null, "place": null, "contributors": null, "is_quote_status": false, "retweet_count": 0, "favorite_count": 0, "favorited": false, "retweeted": false, "possibly_sensitive": false, "lang": "en"}
{"created_at": "Mon Oct 29 16:32:23 +0000 2018", "id": 1056946860475052032, "id_str": "1056946860475052032", "text": "Pink Burst with the lux \u2764\ufe0f\nOnly at https://t.co/76VwwTp3pr\n\nUse coupon code TWIT20 for a super cheap deal!\n\n#vape\u2026 https://t.co/4Xjsydcq6B", "truncated": true, "entities": {"hashtags": [{"text": "vape", "indices": [108, 113]}], "symbols": [], "user_mentions": [], "urls": [{"url": "https://t.co/76VwwTp3pr", "expanded_url": "http://Podjuice55.com", "display_url": "Podjuice55.com", "indices": [35, 58]}, {"url": "https://t.co/4Xjsydcq6B", "expanded_url": "https://twitter.com/i/web/status/1056946860475052032", "display_url": "twitter.com/i/web/status/1\u2026", "indices": [115, 138]}]}, "metadata": {"iso_language_code": "en", "result_type": "recent"}, "source": "<a href=\"http://twitter.com/download/android\" rel=\"nofollow\">Twitter for Android</a>", "in_reply_to_status_id": null, "in_reply_to_status_id_str": null, "in_reply_to_user_id": null, "in_reply_to_user_id_str": null, "in_reply_to_screen_name": null, "user": {"id": 957567390442647552, "id_str": "957567390442647552", "name": "Pod Juice", "screen_name": "Podjuice", "location": "Los Angeles, CA ", "description": "Buy Pod Juice to fill up your Suorin, Juul, Spryte, and other salt nic devices. Must be over 18 or older to enjoy 55mg/35mg salt nic.\n\n20% OFF Coupon: TWIT20", "url": "https://t.co/lBh0iJ0TMn", "entities": {"url": {"urls": [{"url": "https://t.co/lBh0iJ0TMn", "expanded_url": "https://Podjuice55.com", "display_url": "Podjuice55.com", "indices": [0, 23]}]}, "description": {"urls": []}}, "protected": false, "followers_count": 88, "friends_count": 1147, "listed_count": 1, "created_at": "Sun Jan 28 10:53:51 +0000 2018", "favourites_count": 567, "utc_offset": null, "time_zone": null, "geo_enabled": false, "verified": false, "statuses_count": 406, "lang": "en", "contributors_enabled": false, "is_translator": false, "is_translation_enabled": false, "profile_background_color": "F5F8FA", "profile_background_image_url": null, "profile_background_image_url_https": null, "profile_background_tile": false, "profile_image_url": "http://pbs.twimg.com/profile_images/957845931545698304/wN64WJKA_normal.jpg", "profile_image_url_https": "https://pbs.twimg.com/profile_images/957845931545698304/wN64WJKA_normal.jpg", "profile_banner_url": "https://pbs.twimg.com/profile_banners/957567390442647552/1534907324", "profile_link_color": "1DA1F2", "profile_sidebar_border_color": "C0DEED", "profile_sidebar_fill_color": "DDEEF6", "profile_text_color": "333333", "profile_use_background_image": true, "has_extended_profile": false, "default_profile": true, "default_profile_image": false, "following": false, "follow_request_sent": false, "notifications": false, "translator_type": "none"}, "geo": null, "coordinates": null, "place": null, "contributors": null, "is_quote_status": false, "retweet_count": 0, "favorite_count": 0, "favorited": false, "retweeted": false, "possibly_sensitive": false, "lang": "en"}
