{"created_at": "Wed Oct 31 23:50:04 +0000 2018", "id": 1057781783436111872, "id_str": "1057781783436111872", "text": "\"A total game-changer, as far as the upkeep and the learning curve.\u201d Gary made the #SwitchToJUUL after smoking for\u2026 https://t.co/t47cd2Jubx", "truncated": true, "entities": {"hashtags": [{"text": "SwitchToJUUL", "indices": [83, 96]}], "symbols": [], "user_mentions": [], "urls": [{"url": "https://t.co/t47cd2Jubx", "expanded_url": "https://twitter.com/i/web/status/1057781783436111872", "display_url": "twitter.com/i/web/status/1\u2026", "indices": [116, 139]}]}, "metadata": {"iso_language_code": "en", "result_type": "recent"}, "source": "<a href=\"https://cxsocial.clarabridge.com/\" rel=\"nofollow\">CX Social</a>", "in_reply_to_status_id": null, "in_reply_to_status_id_str": null, "in_reply_to_user_id": null, "in_reply_to_user_id_str": null, "in_reply_to_screen_name": null, "user": {"id": 2918018660, "id_str": "2918018660", "name": "JUUL", "screen_name": "JUULvapor", "location": "San Francisco", "description": "At JUUL, our mission is to impact the lives of the world\u2019s one billion adult smokers. +21+ DM for Twitter Customer Service 8am-5:30pm PT M-F. #SwitchToJUUL", "url": "https://t.co/5psDbHdZW0", "entities": {"url": {"urls": [{"url": "https://t.co/5psDbHdZW0", "expanded_url": "http://juul.com/community", "display_url": "juul.com/community", "indices": [0, 23]}]}, "description": {"urls": []}}, "protected": false, "followers_count": 19588, "friends_count": 373, "listed_count": 39, "created_at": "Wed Dec 03 23:28:22 +0000 2014", "favourites_count": 668, "utc_offset": null, "time_zone": null, "geo_enabled": false, "verified": true, "statuses_count": 7003, "lang": "en", "contributors_enabled": false, "is_translator": false, "is_translation_enabled": false, "profile_background_color": "000000", "profile_background_image_url": "http://abs.twimg.com/images/themes/theme17/bg.gif", "profile_background_image_url_https": "https://abs.twimg.com/images/themes/theme17/bg.gif", "profile_background_tile": false, "profile_image_url": "http://pbs.twimg.com/profile_images/590395947990929408/UwjBNF2R_normal.jpg", "profile_image_url_https": "https://pbs.twimg.com/profile_images/590395947990929408/UwjBNF2R_normal.jpg", "profile_banner_url": "https://pbs.twimg.com/profile_banners/2918018660/1533660909", "profile_link_color": "A0D1CA", "profile_sidebar_border_color": "000000", "profile_sidebar_fill_color": "000000", "profile_text_color": "000000", "profile_use_background_image": false, "has_extended_profile": false, "default_profile": false, "default_profile_image": false, "following": true, "follow_request_sent": false, "notifications": false, "translator_type": "none"}, "geo": null, "coordinates": null, "place": null, "contributors": null, "is_quote_status": false, "retweet_count": 0, "favorite_count": 2, "favorited": false, "retweeted": false, "possibly_sensitive": false, "lang": "en"}
{"created_at": "Wed Oct 31 19:17:37 +0000 2018", "id": 1057713220465631232, "id_str": "1057713220465631232", "text": "RT @JUULvapor: Doug shared his #SwitchToJUUL journey with us. Do you have a story to share? Visit https://t.co/bzgcuzeTQX today https://t.c\u2026", "truncated": false, "entities": {"hashtags": [{"text": "SwitchToJUUL", "indices": [31, 44]}], "symbols": [], "user_mentions": [{"screen_name": "JUULvapor", "name": "JUUL", "id": 2918018660, "id_str": "2918018660", "indices": [3, 13]}], "urls": [{"url": "https://t.co/bzgcuzeTQX", "expanded_url": "http://juul.com/community", "display_url": "juul.com/community", "indices": [98, 121]}]}, "metadata": {"iso_language_code": "en", "result_type": "recent"}, "source": "<a href=\"http://twitter.com/download/iphone\" rel=\"nofollow\">Twitter for iPhone</a>", "in_reply_to_status_id": null, "in_reply_to_status_id_str": null, "in_reply_to_user_id": null, "in_reply_to_user_id_str": null, "in_reply_to_screen_name": null, "user": {"id": 1037802407135203334, "id_str": "1037802407135203334", "name": "Will", "screen_name": "WillsB00stedBRZ", "location": "California, MD", "description": "Drift", "url": null, "entities": {"description": {"urls": []}}, "protected": false, "followers_count": 3, "friends_count": 14, "listed_count": 0, "created_at": "Thu Sep 06 20:39:10 +0000 2018", "favourites_count": 126, "utc_offset": null, "time_zone": null, "geo_enabled": false, "verified": false, "statuses_count": 21, "lang": "en", "contributors_enabled": false, "is_translator": false, "is_translation_enabled": false, "profile_background_color": "F5F8FA", "profile_background_image_url": null, "profile_background_image_url_https": null, "profile_background_tile": false, "profile_image_url": "http://pbs.twimg.com/profile_images/1037804155002384385/GhXzA1kT_normal.jpg", "profile_image_url_https": "https://pbs.twimg.com/profile_images/1037804155002384385/GhXzA1kT_normal.jpg", "profile_banner_url": "https://pbs.twimg.com/profile_banners/1037802407135203334/1536266806", "profile_link_color": "1DA1F2", "profile_sidebar_border_color": "C0DEED", "profile_sidebar_fill_color": "DDEEF6", "profile_text_color": "333333", "profile_use_background_image": true, "has_extended_profile": true, "default_profile": true, "default_profile_image": false, "following": false, "follow_request_sent": false, "notifications": false, "translator_type": "none"}, "geo": null, "coordinates": null, "place": null, "contributors": null, "retweeted_status": {"created_at": "Tue Oct 30 16:02:08 +0000 2018", "id": 1057301637323210752, "id_str": "1057301637323210752", "text": "Doug shared his #SwitchToJUUL journey with us. Do you have a story to share? Visit https://t.co/bzgcuzeTQX today https://t.co/aOkZgM3ci7", "truncated": false, "entities": {"hashtags": [{"text": "SwitchToJUUL", "indices": [16, 29]}], "symbols": [], "user_mentions": [], "urls": [{"url": "https://t.co/bzgcuzeTQX", "expanded_url": "http://juul.com/community", "display_url": "juul.com/community", "indices": [83, 106]}], "media": [{"id": 1057301118609436673, "id_str": "1057301118609436673", "indices": [113, 136], "media_url": "http://pbs.twimg.com/ext_tw_video_thumb/1057301118609436673/pu/img/hxv1dZgTFZdXJfCD.jpg", "media_url_https": "https://pbs.twimg.com/ext_tw_video_thumb/1057301118609436673/pu/img/hxv1dZgTFZdXJfCD.jpg", "url": "https://t.co/aOkZgM3ci7", "display_url": "pic.twitter.com/aOkZgM3ci7", "expanded_url": "https://twitter.com/JUULvapor/status/1057301637323210752/video/1", "type": "photo", "sizes": {"thumb": {"w": 150, "h": 150, "resize": "crop"}, "medium": {"w": 1200, "h": 675, "resize": "fit"}, "small": {"w": 680, "h": 383, "resize": "fit"}, "large": {"w": 1280, "h": 720, "resize": "fit"}}}]}, "extended_entities": {"media": [{"id": 1057301118609436673, "id_str": "1057301118609436673", "indices": [113, 136], "media_url": "http://pbs.twimg.com/ext_tw_video_thumb/1057301118609436673/pu/img/hxv1dZgTFZdXJfCD.jpg", "media_url_https": "https://pbs.twimg.com/ext_tw_video_thumb/1057301118609436673/pu/img/hxv1dZgTFZdXJfCD.jpg", "url": "https://t.co/aOkZgM3ci7", "display_url": "pic.twitter.com/aOkZgM3ci7", "expanded_url": "https://twitter.com/JUULvapor/status/1057301637323210752/video/1", "type": "video", "sizes": {"thumb": {"w": 150, "h": 150, "resize": "crop"}, "medium": {"w": 1200, "h": 675, "resize": "fit"}, "small": {"w": 680, "h": 383, "resize": "fit"}, "large": {"w": 1280, "h": 720, "resize": "fit"}}, "video_info": {"aspect_ratio": [16, 9], "duration_millis": 66775, "variants": [{"bitrate": 832000, "content_type": "video/mp4", "url": "https://video.twimg.com/ext_tw_video/1057301118609436673/pu/vid/640x360/sL_aGt01l9t2qdG6.mp4?tag=5"}, {"bitrate": 2176000, "content_type": "video/mp4", "url": "https://video.twimg.com/ext_tw_video/1057301118609436673/pu/vid/1280x720/JewS4nZPQHa0stVu.mp4?tag=5"}, {"content_type": "application/x-mpegURL", "url": "https://video.twimg.com/ext_tw_video/1057301118609436673/pu/pl/VdajbD5bdrmfcSHL.m3u8?tag=5"}, {"bitrate": 256000, "content_type": "video/mp4", "url": "https://video.twimg.com/ext_tw_video/1057301118609436673/pu/vid/320x180/FhCBJI6LDZU5iXuA.mp4?tag=5"}]}, "additional_media_info": {"monetizable": false}}]}, "metadata": {"iso_language_code": "en", "result_type": "recent"}, "source": "<a href=\"https://cxsocial.clarabridge.com/\" rel=\"nofollow\">CX Social</a>", "in_reply_to_status_id": null, "in_reply_to_status_id_str": null, "in_reply_to_user_id": null, "in_reply_to_user_id_str": null, "in_reply_to_screen_name": null, "user": {"id": 2918018660, "id_str": "2918018660", "name": "JUUL", "screen_name": "JUULvapor", "location": "San Francisco", "description": "At JUUL, our mission is to impact the lives of the world\u2019s one billion adult smokers. +21+ DM for Twitter Customer Service 8am-5:30pm PT M-F. #SwitchToJUUL", "url": "https://t.co/5psDbHdZW0", "entities": {"url": {"urls": [{"url": "https://t.co/5psDbHdZW0", "expanded_url": "http://juul.com/community", "display_url": "juul.com/community", "indices": [0, 23]}]}, "description": {"urls": []}}, "protected": false, "followers_count": 19588, "friends_count": 373, "listed_count": 39, "created_at": "Wed Dec 03 23:28:22 +0000 2014", "favourites_count": 668, "utc_offset": null, "time_zone": null, "geo_enabled": false, "verified": true, "statuses_count": 7003, "lang": "en", "contributors_enabled": false, "is_translator": false, "is_translation_enabled": false, "profile_background_color": "000000", "profile_background_image_url": "http://abs.twimg.com/images/themes/theme17/bg.gif", "profile_background_image_url_https": "https://abs.twimg.com/images/themes/theme17/bg.gif", "profile_background_tile": false, "profile_image_url": "http://pbs.twimg.com/profile_images/590395947990929408/UwjBNF2R_normal.jpg", "profile_image_url_https": "https://pbs.twimg.com/profile_images/590395947990929408/UwjBNF2R_normal.jpg", "profile_banner_url": "https://pbs.twimg.com/profile_banners/2918018660/1533660909", "profile_link_color": "A0D1CA", "profile_sidebar_border_color": "000000", "profile_sidebar_fill_color": "000000", "profile_text_color": "000000", "profile_use_background_image": false, "has_extended_profile": false, "default_profile": false, "default_profile_image": false, "following": true, "follow_request_sent": false, "notifications": false, "translator_type": "none"}, "geo": null, "coordinates": null, "place": null, "contributors": null, "is_quote_status": false, "retweet_count": 2, "favorite_count": 10, "favorited": false, "retweeted": false, "possibly_sensitive": false, "lang": "en"}, "is_quote_status": false, "retweet_count": 2, "favorite_count": 0, "favorited": false, "retweeted": false, "possibly_sensitive": false, "lang": "en"}
{"created_at": "Wed Oct 31 18:25:22 +0000 2018", "id": 1057700071184187393, "id_str": "1057700071184187393", "text": "We want to hear your #SwitchToJUUL stories. Join the community of adult smokers and share yours today - now accepti\u2026 https://t.co/eNGHxKrV1O", "truncated": true, "entities": {"hashtags": [{"text": "SwitchToJUUL", "indices": [21, 34]}], "symbols": [], "user_mentions": [], "urls": [{"url": "https://t.co/eNGHxKrV1O", "expanded_url": "https://twitter.com/i/web/status/1057700071184187393", "display_url": "twitter.com/i/web/status/1\u2026", "indices": [117, 140]}]}, "metadata": {"iso_language_code": "en", "result_type": "recent"}, "source": "<a href=\"https://cxsocial.clarabridge.com/\" rel=\"nofollow\">CX Social</a>", "in_reply_to_status_id": null, "in_reply_to_status_id_str": null, "in_reply_to_user_id": null, "in_reply_to_user_id_str": null, "in_reply_to_screen_name": null, "user": {"id": 2918018660, "id_str": "2918018660", "name": "JUUL", "screen_name": "JUULvapor", "location": "San Francisco", "description": "At JUUL, our mission is to impact the lives of the world\u2019s one billion adult smokers. +21+ DM for Twitter Customer Service 8am-5:30pm PT M-F. #SwitchToJUUL", "url": "https://t.co/5psDbHdZW0", "entities": {"url": {"urls": [{"url": "https://t.co/5psDbHdZW0", "expanded_url": "http://juul.com/community", "display_url": "juul.com/community", "indices": [0, 23]}]}, "description": {"urls": []}}, "protected": false, "followers_count": 19588, "friends_count": 373, "listed_count": 39, "created_at": "Wed Dec 03 23:28:22 +0000 2014", "favourites_count": 668, "utc_offset": null, "time_zone": null, "geo_enabled": false, "verified": true, "statuses_count": 7003, "lang": "en", "contributors_enabled": false, "is_translator": false, "is_translation_enabled": false, "profile_background_color": "000000", "profile_background_image_url": "http://abs.twimg.com/images/themes/theme17/bg.gif", "profile_background_image_url_https": "https://abs.twimg.com/images/themes/theme17/bg.gif", "profile_background_tile": false, "profile_image_url": "http://pbs.twimg.com/profile_images/590395947990929408/UwjBNF2R_normal.jpg", "profile_image_url_https": "https://pbs.twimg.com/profile_images/590395947990929408/UwjBNF2R_normal.jpg", "profile_banner_url": "https://pbs.twimg.com/profile_banners/2918018660/1533660909", "profile_link_color": "A0D1CA", "profile_sidebar_border_color": "000000", "profile_sidebar_fill_color": "000000", "profile_text_color": "000000", "profile_use_background_image": false, "has_extended_profile": false, "default_profile": false, "default_profile_image": false, "following": true, "follow_request_sent": false, "notifications": false, "translator_type": "none"}, "geo": null, "coordinates": null, "place": null, "contributors": null, "is_quote_status": false, "retweet_count": 0, "favorite_count": 6, "favorited": false, "retweeted": false, "possibly_sensitive": false, "lang": "en"}
{"created_at": "Tue Oct 30 18:00:04 +0000 2018", "id": 1057331314305712128, "id_str": "1057331314305712128", "text": "\"I don't think I would ever pick up a cigarette ever again, whether it was a break up or whatever... I don't think\u2026 https://t.co/y2qR5oini4", "truncated": true, "entities": {"hashtags": [], "symbols": [], "user_mentions": [], "urls": [{"url": "https://t.co/y2qR5oini4", "expanded_url": "https://twitter.com/i/web/status/1057331314305712128", "display_url": "twitter.com/i/web/status/1\u2026", "indices": [116, 139]}]}, "metadata": {"iso_language_code": "en", "result_type": "recent"}, "source": "<a href=\"https://cxsocial.clarabridge.com/\" rel=\"nofollow\">CX Social</a>", "in_reply_to_status_id": null, "in_reply_to_status_id_str": null, "in_reply_to_user_id": null, "in_reply_to_user_id_str": null, "in_reply_to_screen_name": null, "user": {"id": 2918018660, "id_str": "2918018660", "name": "JUUL", "screen_name": "JUULvapor", "location": "San Francisco", "description": "At JUUL, our mission is to impact the lives of the world\u2019s one billion adult smokers. +21+ DM for Twitter Customer Service 8am-5:30pm PT M-F. #SwitchToJUUL", "url": "https://t.co/5psDbHdZW0", "entities": {"url": {"urls": [{"url": "https://t.co/5psDbHdZW0", "expanded_url": "http://juul.com/community", "display_url": "juul.com/community", "indices": [0, 23]}]}, "description": {"urls": []}}, "protected": false, "followers_count": 19588, "friends_count": 373, "listed_count": 39, "created_at": "Wed Dec 03 23:28:22 +0000 2014", "favourites_count": 668, "utc_offset": null, "time_zone": null, "geo_enabled": false, "verified": true, "statuses_count": 7003, "lang": "en", "contributors_enabled": false, "is_translator": false, "is_translation_enabled": false, "profile_background_color": "000000", "profile_background_image_url": "http://abs.twimg.com/images/themes/theme17/bg.gif", "profile_background_image_url_https": "https://abs.twimg.com/images/themes/theme17/bg.gif", "profile_background_tile": false, "profile_image_url": "http://pbs.twimg.com/profile_images/590395947990929408/UwjBNF2R_normal.jpg", "profile_image_url_https": "https://pbs.twimg.com/profile_images/590395947990929408/UwjBNF2R_normal.jpg", "profile_banner_url": "https://pbs.twimg.com/profile_banners/2918018660/1533660909", "profile_link_color": "A0D1CA", "profile_sidebar_border_color": "000000", "profile_sidebar_fill_color": "000000", "profile_text_color": "000000", "profile_use_background_image": false, "has_extended_profile": false, "default_profile": false, "default_profile_image": false, "following": true, "follow_request_sent": false, "notifications": false, "translator_type": "none"}, "geo": null, "coordinates": null, "place": null, "contributors": null, "is_quote_status": false, "retweet_count": 0, "favorite_count": 9, "favorited": false, "retweeted": false, "possibly_sensitive": false, "lang": "en"}
{"created_at": "Tue Oct 30 16:25:11 +0000 2018", "id": 1057307437299056640, "id_str": "1057307437299056640", "text": "RT @JUULvapor: Doug shared his #SwitchToJUUL journey with us. Do you have a story to share? Visit https://t.co/bzgcuzeTQX today https://t.c\u2026", "truncated": false, "entities": {"hashtags": [{"text": "SwitchToJUUL", "indices": [31, 44]}], "symbols": [], "user_mentions": [{"screen_name": "JUULvapor", "name": "JUUL", "id": 2918018660, "id_str": "2918018660", "indices": [3, 13]}], "urls": [{"url": "https://t.co/bzgcuzeTQX", "expanded_url": "http://juul.com/community", "display_url": "juul.com/community", "indices": [98, 121]}]}, "metadata": {"iso_language_code": "en", "result_type": "recent"}, "source": "<a href=\"http://twitter.com/download/android\" rel=\"nofollow\">Twitter for Android</a>", "in_reply_to_status_id": null, "in_reply_to_status_id_str": null, "in_reply_to_user_id": null, "in_reply_to_user_id_str": null, "in_reply_to_screen_name": null, "user": {"id": 1000089037678538753, "id_str": "1000089037678538753", "name": "Truly Positive", "screen_name": "PositiveTruly", "location": "Atlanta, GA", "description": "Just want to set positive vibes for everyone", "url": null, "entities": {"description": {"urls": []}}, "protected": false, "followers_count": 60, "friends_count": 143, "listed_count": 0, "created_at": "Fri May 25 18:59:42 +0000 2018", "favourites_count": 236, "utc_offset": null, "time_zone": null, "geo_enabled": false, "verified": false, "statuses_count": 292, "lang": "en", "contributors_enabled": false, "is_translator": false, "is_translation_enabled": false, "profile_background_color": "F5F8FA", "profile_background_image_url": null, "profile_background_image_url_https": null, "profile_background_tile": false, "profile_image_url": "http://pbs.twimg.com/profile_images/1056269955124080641/ABAMrDN5_normal.jpg", "profile_image_url_https": "https://pbs.twimg.com/profile_images/1056269955124080641/ABAMrDN5_normal.jpg", "profile_link_color": "1DA1F2", "profile_sidebar_border_color": "C0DEED", "profile_sidebar_fill_color": "DDEEF6", "profile_text_color": "333333", "profile_use_background_image": true, "has_extended_profile": true, "default_profile": true, "default_profile_image": false, "following": false, "follow_request_sent": false, "notifications": false, "translator_type": "none"}, "geo": null, "coordinates": null, "place": null, "contributors": null, "retweeted_status": {"created_at": "Tue Oct 30 16:02:08 +0000 2018", "id": 1057301637323210752, "id_str": "1057301637323210752", "text": "Doug shared his #SwitchToJUUL journey with us. Do you have a story to share? Visit https://t.co/bzgcuzeTQX today https://t.co/aOkZgM3ci7", "truncated": false, "entities": {"hashtags": [{"text": "SwitchToJUUL", "indices": [16, 29]}], "symbols": [], "user_mentions": [], "urls": [{"url": "https://t.co/bzgcuzeTQX", "expanded_url": "http://juul.com/community", "display_url": "juul.com/community", "indices": [83, 106]}], "media": [{"id": 1057301118609436673, "id_str": "1057301118609436673", "indices": [113, 136], "media_url": "http://pbs.twimg.com/ext_tw_video_thumb/1057301118609436673/pu/img/hxv1dZgTFZdXJfCD.jpg", "media_url_https": "https://pbs.twimg.com/ext_tw_video_thumb/1057301118609436673/pu/img/hxv1dZgTFZdXJfCD.jpg", "url": "https://t.co/aOkZgM3ci7", "display_url": "pic.twitter.com/aOkZgM3ci7", "expanded_url": "https://twitter.com/JUULvapor/status/1057301637323210752/video/1", "type": "photo", "sizes": {"thumb": {"w": 150, "h": 150, "resize": "crop"}, "medium": {"w": 1200, "h": 675, "resize": "fit"}, "small": {"w": 680, "h": 383, "resize": "fit"}, "large": {"w": 1280, "h": 720, "resize": "fit"}}}]}, "extended_entities": {"media": [{"id": 1057301118609436673, "id_str": "1057301118609436673", "indices": [113, 136], "media_url": "http://pbs.twimg.com/ext_tw_video_thumb/1057301118609436673/pu/img/hxv1dZgTFZdXJfCD.jpg", "media_url_https": "https://pbs.twimg.com/ext_tw_video_thumb/1057301118609436673/pu/img/hxv1dZgTFZdXJfCD.jpg", "url": "https://t.co/aOkZgM3ci7", "display_url": "pic.twitter.com/aOkZgM3ci7", "expanded_url": "https://twitter.com/JUULvapor/status/1057301637323210752/video/1", "type": "video", "sizes": {"thumb": {"w": 150, "h": 150, "resize": "crop"}, "medium": {"w": 1200, "h": 675, "resize": "fit"}, "small": {"w": 680, "h": 383, "resize": "fit"}, "large": {"w": 1280, "h": 720, "resize": "fit"}}, "video_info": {"aspect_ratio": [16, 9], "duration_millis": 66775, "variants": [{"bitrate": 832000, "content_type": "video/mp4", "url": "https://video.twimg.com/ext_tw_video/1057301118609436673/pu/vid/640x360/sL_aGt01l9t2qdG6.mp4?tag=5"}, {"bitrate": 2176000, "content_type": "video/mp4", "url": "https://video.twimg.com/ext_tw_video/1057301118609436673/pu/vid/1280x720/JewS4nZPQHa0stVu.mp4?tag=5"}, {"content_type": "application/x-mpegURL", "url": "https://video.twimg.com/ext_tw_video/1057301118609436673/pu/pl/VdajbD5bdrmfcSHL.m3u8?tag=5"}, {"bitrate": 256000, "content_type": "video/mp4", "url": "https://video.twimg.com/ext_tw_video/1057301118609436673/pu/vid/320x180/FhCBJI6LDZU5iXuA.mp4?tag=5"}]}, "additional_media_info": {"monetizable": false}}]}, "metadata": {"iso_language_code": "en", "result_type": "recent"}, "source": "<a href=\"https://cxsocial.clarabridge.com/\" rel=\"nofollow\">CX Social</a>", "in_reply_to_status_id": null, "in_reply_to_status_id_str": null, "in_reply_to_user_id": null, "in_reply_to_user_id_str": null, "in_reply_to_screen_name": null, "user": {"id": 2918018660, "id_str": "2918018660", "name": "JUUL", "screen_name": "JUULvapor", "location": "San Francisco", "description": "At JUUL, our mission is to impact the lives of the world\u2019s one billion adult smokers. +21+ DM for Twitter Customer Service 8am-5:30pm PT M-F. #SwitchToJUUL", "url": "https://t.co/5psDbHdZW0", "entities": {"url": {"urls": [{"url": "https://t.co/5psDbHdZW0", "expanded_url": "http://juul.com/community", "display_url": "juul.com/community", "indices": [0, 23]}]}, "description": {"urls": []}}, "protected": false, "followers_count": 19588, "friends_count": 373, "listed_count": 39, "created_at": "Wed Dec 03 23:28:22 +0000 2014", "favourites_count": 668, "utc_offset": null, "time_zone": null, "geo_enabled": false, "verified": true, "statuses_count": 7003, "lang": "en", "contributors_enabled": false, "is_translator": false, "is_translation_enabled": false, "profile_background_color": "000000", "profile_background_image_url": "http://abs.twimg.com/images/themes/theme17/bg.gif", "profile_background_image_url_https": "https://abs.twimg.com/images/themes/theme17/bg.gif", "profile_background_tile": false, "profile_image_url": "http://pbs.twimg.com/profile_images/590395947990929408/UwjBNF2R_normal.jpg", "profile_image_url_https": "https://pbs.twimg.com/profile_images/590395947990929408/UwjBNF2R_normal.jpg", "profile_banner_url": "https://pbs.twimg.com/profile_banners/2918018660/1533660909", "profile_link_color": "A0D1CA", "profile_sidebar_border_color": "000000", "profile_sidebar_fill_color": "000000", "profile_text_color": "000000", "profile_use_background_image": false, "has_extended_profile": false, "default_profile": false, "default_profile_image": false, "following": true, "follow_request_sent": false, "notifications": false, "translator_type": "none"}, "geo": null, "coordinates": null, "place": null, "contributors": null, "is_quote_status": false, "retweet_count": 2, "favorite_count": 10, "favorited": false, "retweeted": false, "possibly_sensitive": false, "lang": "en"}, "is_quote_status": false, "retweet_count": 2, "favorite_count": 0, "favorited": false, "retweeted": false, "possibly_sensitive": false, "lang": "en"}
{"created_at": "Tue Oct 30 16:02:08 +0000 2018", "id": 1057301637323210752, "id_str": "1057301637323210752", "text": "Doug shared his #SwitchToJUUL journey with us. Do you have a story to share? Visit https://t.co/bzgcuzeTQX today https://t.co/aOkZgM3ci7", "truncated": false, "entities": {"hashtags": [{"text": "SwitchToJUUL", "indices": [16, 29]}], "symbols": [], "user_mentions": [], "urls": [{"url": "https://t.co/bzgcuzeTQX", "expanded_url": "http://juul.com/community", "display_url": "juul.com/community", "indices": [83, 106]}], "media": [{"id": 1057301118609436673, "id_str": "1057301118609436673", "indices": [113, 136], "media_url": "http://pbs.twimg.com/ext_tw_video_thumb/1057301118609436673/pu/img/hxv1dZgTFZdXJfCD.jpg", "media_url_https": "https://pbs.twimg.com/ext_tw_video_thumb/1057301118609436673/pu/img/hxv1dZgTFZdXJfCD.jpg", "url": "https://t.co/aOkZgM3ci7", "display_url": "pic.twitter.com/aOkZgM3ci7", "expanded_url": "https://twitter.com/JUULvapor/status/1057301637323210752/video/1", "type": "photo", "sizes": {"thumb": {"w": 150, "h": 150, "resize": "crop"}, "medium": {"w": 1200, "h": 675, "resize": "fit"}, "small": {"w": 680, "h": 383, "resize": "fit"}, "large": {"w": 1280, "h": 720, "resize": "fit"}}}]}, "extended_entities": {"media": [{"id": 1057301118609436673, "id_str": "1057301118609436673", "indices": [113, 136], "media_url": "http://pbs.twimg.com/ext_tw_video_thumb/1057301118609436673/pu/img/hxv1dZgTFZdXJfCD.jpg", "media_url_https": "https://pbs.twimg.com/ext_tw_video_thumb/1057301118609436673/pu/img/hxv1dZgTFZdXJfCD.jpg", "url": "https://t.co/aOkZgM3ci7", "display_url": "pic.twitter.com/aOkZgM3ci7", "expanded_url": "https://twitter.com/JUULvapor/status/1057301637323210752/video/1", "type": "video", "sizes": {"thumb": {"w": 150, "h": 150, "resize": "crop"}, "medium": {"w": 1200, "h": 675, "resize": "fit"}, "small": {"w": 680, "h": 383, "resize": "fit"}, "large": {"w": 1280, "h": 720, "resize": "fit"}}, "video_info": {"aspect_ratio": [16, 9], "duration_millis": 66775, "variants": [{"bitrate": 832000, "content_type": "video/mp4", "url": "https://video.twimg.com/ext_tw_video/1057301118609436673/pu/vid/640x360/sL_aGt01l9t2qdG6.mp4?tag=5"}, {"bitrate": 2176000, "content_type": "video/mp4", "url": "https://video.twimg.com/ext_tw_video/1057301118609436673/pu/vid/1280x720/JewS4nZPQHa0stVu.mp4?tag=5"}, {"content_type": "application/x-mpegURL", "url": "https://video.twimg.com/ext_tw_video/1057301118609436673/pu/pl/VdajbD5bdrmfcSHL.m3u8?tag=5"}, {"bitrate": 256000, "content_type": "video/mp4", "url": "https://video.twimg.com/ext_tw_video/1057301118609436673/pu/vid/320x180/FhCBJI6LDZU5iXuA.mp4?tag=5"}]}, "additional_media_info": {"monetizable": false}}]}, "metadata": {"iso_language_code": "en", "result_type": "recent"}, "source": "<a href=\"https://cxsocial.clarabridge.com/\" rel=\"nofollow\">CX Social</a>", "in_reply_to_status_id": null, "in_reply_to_status_id_str": null, "in_reply_to_user_id": null, "in_reply_to_user_id_str": null, "in_reply_to_screen_name": null, "user": {"id": 2918018660, "id_str": "2918018660", "name": "JUUL", "screen_name": "JUULvapor", "location": "San Francisco", "description": "At JUUL, our mission is to impact the lives of the world\u2019s one billion adult smokers. +21+ DM for Twitter Customer Service 8am-5:30pm PT M-F. #SwitchToJUUL", "url": "https://t.co/5psDbHdZW0", "entities": {"url": {"urls": [{"url": "https://t.co/5psDbHdZW0", "expanded_url": "http://juul.com/community", "display_url": "juul.com/community", "indices": [0, 23]}]}, "description": {"urls": []}}, "protected": false, "followers_count": 19588, "friends_count": 373, "listed_count": 39, "created_at": "Wed Dec 03 23:28:22 +0000 2014", "favourites_count": 668, "utc_offset": null, "time_zone": null, "geo_enabled": false, "verified": true, "statuses_count": 7003, "lang": "en", "contributors_enabled": false, "is_translator": false, "is_translation_enabled": false, "profile_background_color": "000000", "profile_background_image_url": "http://abs.twimg.com/images/themes/theme17/bg.gif", "profile_background_image_url_https": "https://abs.twimg.com/images/themes/theme17/bg.gif", "profile_background_tile": false, "profile_image_url": "http://pbs.twimg.com/profile_images/590395947990929408/UwjBNF2R_normal.jpg", "profile_image_url_https": "https://pbs.twimg.com/profile_images/590395947990929408/UwjBNF2R_normal.jpg", "profile_banner_url": "https://pbs.twimg.com/profile_banners/2918018660/1533660909", "profile_link_color": "A0D1CA", "profile_sidebar_border_color": "000000", "profile_sidebar_fill_color": "000000", "profile_text_color": "000000", "profile_use_background_image": false, "has_extended_profile": false, "default_profile": false, "default_profile_image": false, "following": true, "follow_request_sent": false, "notifications": false, "translator_type": "none"}, "geo": null, "coordinates": null, "place": null, "contributors": null, "is_quote_status": false, "retweet_count": 2, "favorite_count": 10, "favorited": false, "retweeted": false, "possibly_sensitive": false, "lang": "en"}
